Date,Hour,Month,Temperature,Humidity,Pressure,Wind_Speed,Wind_Direction,Visibility,Cloud_Cover,Dew_Point,Solar_Irradiance,Precipitation,Air_Quality_Index,Solar_Energy_Output
2023-01-01 00:00:00,0,1,29.96714153011233,41.15259294284799,996.3059471887863,8.39397552837799,157.90155090825257,7.642031618476151,86.0139693349435,16.34923737573382,963.4992408875884,0.07061765505724636,484.0329060253795,983.6307794378715
2023-01-01 01:00:00,1,1,23.617356988288154,33.30796578347921,1018.4336019237993,4.810117569069376,261.09275774944916,6.006301139326666,72.28143032084837,18.535525196555273,519.0322801295487,1.0023368553021275,33.28236395711143,537.6639865976675
2023-01-01 02:00:00,2,1,31.476885381006923,76.29610637306438,1006.3737624105415,18.546583232541977,175.20081891289303,4.49138388069011,6.766836190000158,6.276807380457232,677.5422674589532,0.0855562319381555,324.1590037260478,899.4683005965308
2023-01-01 03:00:00,3,1,40.23029856408026,80.5126054450448,1018.7059866859316,1.295635850544851,314.4323657093978,11.523973980737631,70.78350972297687,26.28745903797016,311.8638579168832,0.18537813911121623,37.05271128743354,341.76902682169697
2023-01-01 04:00:00,4,1,22.65846625276664,94.2878856500505,1005.3674084345748,4.372575777334373,324.25267104405305,6.689900181478379,54.353821734264606,14.211294941725907,773.9913781527625,0.1712772202638604,187.73446423325018,875.2952911308632
2023-01-01 05:00:00,5,1,22.658630430508193,50.946325768356985,994.9511789933548,1.5421470078688224,151.81953367444396,3.5413282211425514,8.172534574677826,15.15079698355878,772.9214818761151,1.025578801850155,401.9072725967234,880.7478650744782
2023-01-01 06:00:00,6,1,40.79212815507391,47.901356434458734,996.7245756211684,1.9610619128555737,99.65800700461857,11.165735813592892,45.830064152865646,20.665715386052458,521.296047654139,0.5584436228630647,216.7361163778172,671.9696801629935
2023-01-01 07:00:00,7,1,32.67434729152909,78.23097205564977,1013.4808494666138,2.962598722884346,213.2461182936104,17.47899855229837,48.469628713004695,16.865729050108012,976.0138232792136,0.7964905291553204,498.5911769514752,945.8857406857729
2023-01-01 08:00:00,8,1,20.305256140650478,45.56026551897634,1015.5972250172148,6.20674219209717,328.45080442200873,9.98178726538032,16.577454016327575,22.62509307130596,125.55021476265338,0.14415306609661313,279.52964247330107,361.8749807055061
2023-01-01 09:00:00,9,1,30.425600435859646,89.80679942026735,1003.9568337489559,12.421191110523926,75.83838804203997,12.515472323354926,94.56981470002823,17.296993321614593,16.94766488958099,0.4902467874882831,160.58107631797674,48.83676713081437
2023-01-01 10:00:00,10,1,20.365823071875376,84.38095638822588,1019.3859245877737,4.386591331017675,224.2679700828538,10.245488075642696,84.99753714806619,10.100501002876497,770.158211757096,0.42401938106126796,110.05566295237657,671.471841071438
2023-01-01 11:00:00,11,1,20.34270246429743,52.17455205312638,996.3847993773104,1.6226525807734253,227.3616792333074,9.703331040426573,66.90223373291083,17.892028201648813,807.1555373648825,0.8943731370964587,175.2602671430809,758.7469984643195
2023-01-01 12:00:00,12,1,27.419622715660342,76.3153300843623,1012.3392020135268,1.6412087274570726,263.9206880695011,12.757229448963306,46.22955610006072,5.850190341434706,120.20722912057624,1.1826935506050371,186.2666368797754,284.9029206813457
2023-01-01 13:00:00,13,1,5.86719755342202,76.59071555635117,1000.8898380023754,4.013453327920997,47.36436664581353,9.129176367434045,41.17655415845085,15.868477646212185,265.58283295860605,0.006115634704485624,34.356838861980485,442.3376945873917
2023-01-01 14:00:00,14,1,7.750821674869673,27.734290162694947,1006.4816389219784,0.818487360178783,257.69698728555187,10.80217694221571,65.09734671509541,14.734160074844313,17.55236336662891,0.560459500444768,184.7870997133866,79.00835424463023
2023-01-01 15:00:00,15,1,19.377124707590273,87.6914680009675,1013.4739867131641,0.3512000087419844,327.25170743963076,10.96509341858804,54.543186940690546,13.335065141819683,293.3086107805647,0.02661379202311137,232.11925986961245,420.798648568254
2023-01-01 16:00:00,16,1,14.871688796655762,57.89392793358929,1004.3958663471604,1.3137579947823494,64.6859191932871,7.995728639070854,6.227310588188562,13.971699908488555,773.1418739186715,0.3979873036849448,361.36887611940233,990.4729025789611
2023-01-01 17:00:00,17,1,28.14247332595274,81.98430995808062,1009.1544445577017,1.015827319253478,85.51559697259594,12.976127048609568,51.25026487703317,-0.05479236398111276,517.9605277125789,0.169580835284943,328.364742360804,591.2427559651994
2023-01-01 18:00:00,18,1,15.91975924478789,44.00372007729588,1023.0629280921444,1.0542440691969166,349.70223385499025,9.475120729913774,80.64036172328395,10.610200738072308,348.0955931682881,0.18320148226473093,354.38282761457714,332.4989633169743
2023-01-01 19:00:00,19,1,10.876962986647085,87.16424213721504,1007.2310813047685,0.7981834978784903,65.15170297541631,7.7327645215214655,45.923987759695805,15.742759209128918,371.7392949063303,0.21767242483955856,4.181840938428549,469.8471673602585
2023-01-01 20:00:00,20,1,39.65648768921554,49.19012590506223,1021.3569211206515,0.12901434281204197,307.5786336130485,11.60952953071121,5.195657755426842,16.278851135979203,1.3536257154681541,0.4854955025691306,108.83369979026803,423.7951631025606
2023-01-01 21:00:00,21,1,22.742236995134643,20.812823861022377,1001.7029314534238,0.054106808495847175,177.22002832129252,7.304596054626888,78.6278199384033,6.778598872592335,299.8005275652359,0.203270317391417,330.84214419992827,359.14681777491603
2023-01-01 22:00:00,22,1,25.67528204687924,87.90364823144478,1018.2980417791529,13.199933937336906,89.00318678514374,10.084543472107384,20.13637821359744,25.125662726917604,646.4587416379305,0.6596900519963843,241.99468408987357,781.5477080329307
2023-01-01 23:00:00,23,1,10.752518137865433,26.84650075896002,1027.415686206579,1.674659240676306,313.46996445810413,9.97264301006739,25.862083488803876,8.070601214283993,974.1944438163571,0.2591999393869146,2.656737834172973,1047.4681734218068
2023-01-02 00:00:00,0,1,19.556172754748175,43.948522819281116,988.2835549987271,1.4551161823659535,160.30989180095958,13.257686697494734,16.47063534322959,22.755657604213894,847.0608269838995,0.035400753206794394,402.24732121591114,912.234493575106
2023-01-02 01:00:00,1,1,26.10922589709866,91.25464752881037,1005.0310474452953,3.4149979458793416,185.33424741468846,11.424094698639859,33.02150648714976,18.417554894973478,23.594964645529124,0.7656828242916668,386.4047866451687,306.09787957131874
2023-01-02 02:00:00,2,1,13.490064225776973,91.2955360203167,1018.7707212718054,0.7386757678228,129.32401298391565,9.924919123764568,75.6751505688635,9.830181521249575,898.5606046748393,0.1682669464758569,274.2095814967813,839.2335258699233
2023-01-02 03:00:00,3,1,28.75698018345672,63.007841609246455,1010.9695461395701,8.984868761219328,213.46230651657388,12.453298897600861,51.93858595039374,29.202487140876094,783.198413298626,0.28349245633047143,33.23166288813606,812.8665095976888
2023-01-02 04:00:00,4,1,18.99361310081195,67.38779091273494,1016.7114587337131,4.630178345626758,58.868594130608194,14.170622647051939,20.488127415071254,5.45090534594816,780.3761235709804,0.5782963935159129,383.2575247662923,858.894452890833
2023-01-02 05:00:00,5,1,22.083062502067232,53.63341414837398,1006.9601481328418,0.28099091592302083,140.78935319463386,11.673430919055587,87.78300781520409,22.353233388880014,457.9957590035715,0.2020751043452489,291.856793865682,402.8796626472066
2023-01-02 06:00:00,6,1,18.98293387770603,41.99080787735484,1013.865897874729,1.6216943221001694,348.9884360407035,10.031057859530142,87.95818549515292,23.004658544343826,398.0052929545028,0.029124851911949044,390.9799885789796,419.23641245085105
2023-01-02 07:00:00,7,1,43.522781845089376,44.6498409027437,1011.4432276460792,6.33882888042256,92.92803577240592,6.064491302949522,87.05784250460069,9.635038327386841,302.91572883319265,0.23413939642607368,375.8734961979202,429.6536443673839
2023-01-02 08:00:00,8,1,24.865027752620662,70.43888420577788,1024.6778206165982,8.686684809362497,236.4251992348652,6.804659010773882,23.87962113815393,26.13972240051463,65.69485895436577,1.4452231245840161,401.50103597891854,298.78169190283245
2023-01-02 09:00:00,9,1,14.422890710440996,76.428089707826,1015.5442084330122,1.889962329304177,117.06842312089016,9.084325886935996,45.12393441809881,12.999627883208378,228.2353634936991,0.513240330335556,259.0040332023124,398.9816041391191
2023-01-02 10:00:00,10,1,33.225449121031886,79.36842827943863,1016.376026620752,2.8511825177293098,278.45032524717624,8.171463393522151,98.49896561408751,17.309549034238856,246.60363497802462,0.5565774843475207,70.1622590967575,163.88555845211755
2023-01-02 11:00:00,11,1,12.791563500289778,79.22136070959155,1008.8812303387754,0.5482871677703957,47.114517858605936,9.439086091043663,77.20124763099903,17.082574710169766,484.0770697102016,0.5002196783680692,335.57873668984433,452.01015334288377
2023-01-02 12:00:00,12,1,27.088635950047554,26.840457728651778,1008.123937759275,14.18833405827844,349.1355762282761,10.169949774691322,2.716742122555982,13.925530068235618,747.444406596694,0.1109422589643863,310.2368925259853,942.4296241662372
2023-01-02 13:00:00,13,1,5.403298761202244,57.08152285269361,1008.6744181218038,0.7906144950530498,163.36423489811014,11.589078263070192,6.5204591260492055,21.486466185278257,473.8098283979466,0.2709293227554461,371.1265935995436,624.8089120135226
2023-01-02 14:00:00,14,1,11.718139511015695,24.31690700124832,1016.9445214237829,8.580027994481664,84.97816680472702,9.788503665822727,46.39313768123328,21.347909764417704,57.844449447160606,0.695030319049337,84.94050302536765,183.70710679658023
2023-01-02 15:00:00,15,1,26.968612358691235,61.21466617428017,1008.7901551917973,3.1464391784056804,26.458829038804556,11.459504931478605,90.92202058615601,1.0117442140945538,957.7898009882039,0.05344356102718182,97.48759995014461,814.0140259260334
2023-01-02 16:00:00,16,1,32.38466579995411,53.11478760300328,1015.8977485689642,2.807466668616582,61.11284583151467,10.193423244430361,53.870179795271426,25.43472194302522,942.7243190941123,0.1627631248216475,445.2047586096642,971.9478839057025
2023-01-02 17:00:00,17,1,26.713682811899705,86.57781370687248,1033.7540079864543,2.1565552577773235,187.11862148016635,4.073600300938386,49.781250803429025,1.7000640957146054,785.1895431484083,0.161702370654051,374.9888992260354,822.8687968119204
2023-01-02 18:00:00,18,1,23.843517176117594,46.3186259414059,1021.7112470343169,0.7867050841558879,121.32114351526307,7.181993818543737,10.547369995663058,23.26036963473326,991.3279015642206,0.28283359202299047,454.11424435016147,997.1956839503739
2023-01-02 19:00:00,19,1,21.988963044107113,28.78002623207044,1009.7397646783215,0.5826773100701018,298.3980117177394,9.567737332835154,65.6780104724294,24.013641094620667,544.482332800263,1.965316066639828,379.3576605819604,476.4947532793832
2023-01-02 20:00:00,20,1,10.214780096325725,30.724376153962687,1025.0121392216395,0.7472546958615203,155.11950851825014,6.370915771476677,82.21031606002255,6.272268558278414,962.7683502532061,0.034944429248061494,298.5776529951509,813.67003332229
2023-01-02 21:00:00,21,1,17.801557916052914,77.11329737881042,1008.9192462697845,0.6190003906636505,89.53713813154677,11.799786189988613,38.04200075075623,11.713485696363321,75.60504061675077,0.36563328435297365,327.0663685139368,304.8454753759154
2023-01-02 22:00:00,22,1,20.393612290402125,66.36635474871957,992.6187546482215,4.536722272718389,222.17219517745082,14.592252497031092,77.56118509253275,6.154362652112514,365.6807482613713,0.09883823033775566,444.563961970005,263.2730257760413
2023-01-02 23:00:00,23,1,35.57122226218915,27.58420070920927,1002.9191368908259,1.292926923219223,254.4397980787605,13.65628555509195,96.44766539008116,13.280631757690117,225.38126800676582,1.7646837926128869,289.40337725597027,237.117953951966
2023-01-03 00:00:00,0,1,28.436182895684613,26.308010458624807,994.2920807897415,0.17874902499830544,60.13508684434195,9.359671387209376,20.376645912768907,12.53572572651407,195.83308413427002,0.060126262577771254,316.1956621641937,426.09650253460745
2023-01-03 01:00:00,1,1,7.36959844637266,72.57268485943399,1009.4848651595869,10.431252649580323,60.342917863794355,14.472178410549855,52.33296311947413,21.23728425815472,140.80294889267608,0.25842268838986937,78.2383580018003,339.79955555888614
2023-01-03 02:00:00,2,1,28.24083969394795,25.457225477314516,1013.1841837918955,6.456962910078001,13.201713696075469,10.446002371606335,28.713795808457554,25.482469968956867,622.4136415659966,0.6694859411838541,236.96061005805134,749.0201146296774
2023-01-03 03:00:00,3,1,21.149177195836835,81.63950444677673,1029.7643731227529,7.882963661420263,265.1047254236306,8.988742086645882,79.28544190338394,26.16547048631965,781.3218557473051,0.609635324351578,358.1985559790495,748.6489625164123
2023-01-03 04:00:00,4,1,18.230779996940413,72.96816703673721,1016.2692737376416,15.840149307149119,238.96962994384984,8.159792009377181,57.75933658811575,10.502655787373584,578.2983994203606,0.2747214115099548,135.4713491581827,632.8851267701953
2023-01-03 05:00:00,5,1,31.11676288840868,26.101158548142482,1010.8089947119114,0.573101089728556,170.867115269933,9.092590940535615,63.45824175503038,13.326225010043778,146.96270958820966,0.2127248644659102,101.12709026226746,182.9006441919339
2023-01-03 06:00:00,6,1,35.30999522495951,26.362828556389395,1021.2940558118349,1.5137455646816422,303.901361628911,8.835469544376313,79.79141596158941,1.532494462232398,811.123769933471,0.25342707571706297,156.9134041122078,818.5551193435144
2023-01-03 07:00:00,7,1,34.31280119116199,93.99796838758816,990.8886469099211,4.259410426443813,290.04125506201916,10.511248667126463,39.59704726624549,8.55303946803049,635.9547071637285,0.15345029413501968,120.75031399641672,769.3680515873847
2023-01-03 08:00:00,8,1,16.607824767773614,48.07030968170902,1015.3561455810857,3.572386207264012,210.7275711828308,10.481721943149594,91.50900684070432,22.71881306477966,388.16570612699553,0.11491602143566874,107.45631851819792,394.63462589876025
2023-01-03 09:00:00,9,1,21.907876241487855,47.798161030016814,1020.7086519388697,0.5013386543805206,312.5776609847731,10.009138060460243,53.302886724614,27.924662588385853,674.1302955360629,0.32989459593419007,212.42542143404347,919.5232140598005
2023-01-03 10:00:00,10,1,28.31263431403564,80.95996754431269,998.2141375422016,5.075739008958946,74.10283561323656,11.31081450923905,15.7954822835348,5.125209024960624,259.90497924283284,0.15635210297696756,453.91925694176706,412.9571581968038
2023-01-03 11:00:00,11,1,34.75545127122359,91.04364330378941,1024.4375404320692,0.7625120017217588,40.29106298318204,13.571938824359023,69.58991181688025,10.260285926776845,345.1922084942105,0.1694607823168569,253.52982336935915,523.1297663752302
2023-01-03 12:00:00,12,1,20.2082576215471,93.95007978671532,1016.3849640749442,0.7601032619089292,97.10986014611626,12.848662406323971,79.32613504382545,14.788753944328583,917.4858431319902,0.534656949691592,93.96019040766151,822.0544086471924
2023-01-03 13:00:00,13,1,23.143410233361827,76.50336389442063,1008.8471208609919,2.3099189528725113,20.551268192153348,5.5453060946502895,31.67616770675267,17.241289270556855,290.50450567142036,1.7294767846531578,38.48583469043704,498.02836710375243
2023-01-03 14:00:00,14,1,13.936650259939718,48.219468914818684,1019.3278186610628,2.696383572560757,191.22103008037152,2.338236595294136,85.7179256998753,8.52317184062683,469.9882681579366,0.46271266347133366,348.0780725689626,444.4345256815407
2023-01-03 15:00:00,15,1,13.037933759193292,26.26255375240016,1035.706928578044,2.6031175365884023,337.17804922618615,12.80295973371782,90.61432547657664,18.392488355712718,890.1411373960146,0.040051899429972546,191.39938221819392,745.1339843355662
2023-01-03 16:00:00,16,1,33.125258223941984,78.28601869455775,1014.8186625505849,0.2878377089130412,14.163674640663473,5.899363904753737,27.690448737780894,11.209285223432671,707.7213502675274,0.03929633724427554,410.9154732926796,820.8646040366253
2023-01-03 17:00:00,17,1,38.56240028570823,61.88031873018538,1015.4822058630034,6.297974433874271,43.95956904360965,9.32570379432195,98.3521472715222,14.884381832973768,62.203226164702755,1.512304828716215,329.7553843203851,148.3063764672625
2023-01-03 18:00:00,18,1,24.27989878419666,51.81665069352322,1008.4063910045976,0.9261044930010467,162.7916501820367,6.489660921821922,14.071152804875842,19.370273984029595,147.30304427897033,0.17640605735917972,398.12072527068426,348.33008974335814
2023-01-03 19:00:00,19,1,35.03532897892024,87.9765788821052,1004.5015563053521,0.41611398290820095,336.19500631004576,4.594058687259941,20.201566840248997,15.051378158487502,7.841590771916818,0.04829233816040338,135.9730197092244,353.2681884307152
2023-01-03 20:00:00,20,1,28.61636025047634,28.33981117296135,1021.3033581654424,6.5878742954401,113.81619779163019,11.624388184614364,18.422483923802613,11.508912875787452,630.9217902291634,0.45695252387941204,346.17946123052906,785.8929806686128
2023-01-03 21:00:00,21,1,18.548802453948756,56.946882821814434,1004.4391617409113,9.347029058259837,182.60453112782128,12.27746548090794,89.39897100078704,14.123121568593353,447.6734254104183,0.48861623565029194,132.0309923468594,370.5359652818531
2023-01-03 22:00:00,22,1,28.613956055084138,20.85152335755643,1013.715662372194,5.944280353424887,14.966229258141155,8.270468797819841,65.42925523249619,14.293096326357318,134.27485090227555,0.5227796404115659,469.5342397251458,245.8593842347095
2023-01-03 23:00:00,23,1,40.38036566465969,55.14954814955947,1008.2234255323489,4.974562409200837,53.40355234635199,2.2268731235652703,15.210428322227287,12.039911760942978,957.9341210567704,0.15557909833478298,318.1871407666872,1164.3342040511825
2023-01-04 00:00:00,0,1,24.641739608900483,24.2227456761378,1017.7897982574639,3.19473750359586,355.1868442651849,8.361266655242552,44.032341836834895,12.92963149866318,529.6597239456199,0.007613006942445557,162.25590008767105,614.147478512981
2023-01-04 01:00:00,1,1,40.64643655814006,28.911343720105393,1016.3366210528695,2.4012443447096965,347.44273071697637,11.17541201620764,61.529802506980204,27.789177364037734,241.89329411288918,1.6764232206039815,134.75593114613633,408.1407817961319
2023-01-04 02:00:00,2,1,-1.1974510408974446,28.814468508282864,1023.375399442579,0.27301469025705244,1.7783931363874617,5.563265293677613,8.34640849893833,19.48735558352991,500.60357115470754,0.1444367547596329,95.46329253582175,636.5009155593825
2023-01-04 03:00:00,3,1,33.21902504375224,68.69077265870476,1007.8998360114525,1.5750434997307945,342.652242752366,10.550079759337468,88.24163684073388,12.636157455766718,679.6203327351078,0.5635464512230804,347.3204794468639,683.3054982495701
2023-01-04 04:00:00,4,1,25.87047068238171,75.95336594490675,1010.3012506470662,1.3989362358918485,230.08317761358012,9.954070452481014,80.36035354415351,20.575635236085887,76.23921797356448,0.6131601122250381,109.35780649896365,205.92664205066467
2023-01-04 05:00:00,5,1,22.009926495341325,63.75265738228697,1003.212362842177,0.9023172704288533,312.450586027208,11.737874498803265,50.52067735766382,12.32944408195192,274.70381504789196,0.4708137790959099,297.65163296374453,504.65131462082536
2023-01-04 06:00:00,6,1,25.917607765355022,92.16294113559064,1008.5570673992389,3.8557667399912052,163.70634802818927,10.35874110524246,96.71266152591704,24.38499710069313,806.9654908839937,0.18764309924204461,132.31751346267868,698.491426385193
2023-01-04 07:00:00,7,1,5.124310853991073,48.115293464277805,1016.7730049304486,2.054797451752961,185.61457028853008,7.080793177355334,41.77609792750997,17.95713753758475,459.6648704026612,0.15810679551628298,330.9844723969343,586.0849644854766
2023-01-04 08:00:00,8,1,22.80328112162488,41.42840647113955,1020.5698861664536,0.2535583417066756,175.98476889249127,13.589714504993474,98.41103190364979,14.14158284796617,546.5771420322949,0.45523918161017946,407.4698642702696,492.5385571350836
2023-01-04 09:00:00,9,1,28.571125715117464,85.14493461420952,1003.7783467582237,0.7460887835412494,240.07113271659756,9.52441128091909,66.79199988036271,18.58173540648222,432.8160022094693,1.0053147087469951,389.01262157232657,567.8126426498729
2023-01-04 10:00:00,10,1,39.77894044741516,36.76968788895895,1021.6960592010566,3.449010382791747,50.27445171227264,9.918086381470204,63.467127325394145,2.4329907834520057,43.89994264300512,1.4662259804712816,380.42566546539086,188.33483365261546
2023-01-04 11:00:00,11,1,19.817297817263526,92.24169045804585,1026.5563785880495,0.23755452058473694,10.790492354164062,7.200196122780412,16.5954895295785,5.985860248721558,165.74977982015594,0.05597207257871357,93.86120284612603,459.6982165457804
2023-01-04 12:00:00,12,1,16.915063971068122,20.911585601736224,1017.134349032237,5.715595869132614,110.85477897282873,8.67015324642547,88.1927758304644,5.448599948807557,445.5416387418909,0.0841079234315485,44.19247349225935,415.9502466384217
2023-01-04 13:00:00,13,1,19.982429564154636,92.74091200307292,1031.7679581255807,2.050461132936235,253.6850745851928,7.345591857919297,42.74896879206152,16.143544758109655,209.1854654079278,1.4478191298494596,349.4744142436928,375.8569162230421
2023-01-04 14:00:00,14,1,34.15402117702074,23.236993396293208,1005.2621080089642,1.965165412306773,72.66724276426142,9.481161820229731,16.223340578247935,28.860119995880737,49.97902865967874,0.6669178069043613,184.17360689717566,364.2088677694593
2023-01-04 15:00:00,15,1,28.287511096596845,86.83573352735533,1000.5534529668859,2.6924642297642247,242.43567599697025,15.13512544042703,1.260751997575904,32.85040116954106,843.6496640518237,1.0727642831722235,216.17311320167366,1040.3245172632587
2023-01-04 16:00:00,16,1,19.702397962329613,59.57758318147249,995.2127975109572,5.22344373883343,349.1683365986174,5.884296571205931,55.975568363838256,20.104408811526056,981.1925291641159,0.11321988527499603,15.574546396695531,950.6206620083393
2023-01-04 17:00:00,17,1,30.13267433113356,94.47235970894752,1027.9604431148919,1.2822544018356457,33.80425768419062,5.159315806369777,52.739962212267635,19.006755799555656,793.1428739967395,0.4428636336323545,129.7882246375246,847.2954203813822
2023-01-04 18:00:00,18,1,25.970775493480403,25.534742355154915,1019.5436565635406,3.399761693768553,242.13676256104546,14.413510982480826,71.93536223691585,0.5915381267780884,853.784921704667,0.6038893427855406,16.83820193723201,898.0693045180561
2023-01-04 19:00:00,19,1,34.68644990532889,61.539071330099056,1012.4441532908954,2.5022800231049205,159.75007894964563,9.372028968544402,89.02580530178021,10.658609602127825,241.97713031704538,0.5698919931745888,439.59288630062383,345.1496724397144
2023-01-04 20:00:00,20,1,17.979469061226474,92.69769017143243,1015.7996862631982,0.9319444368032122,312.5312115759019,7.99278178402025,7.9406584643029525,8.697729984734089,960.6269755131998,0.2622524557519717,121.69834160926524,1124.096272764949
2023-01-04 21:00:00,21,1,21.723378534022316,59.23233831276116,1001.7451095270162,6.326734306321075,63.773924201058925,13.11971406218823,73.14964903403623,10.033219213991071,196.92570445342838,0.007757311732207487,278.668584786504,258.76139722748513
2023-01-04 22:00:00,22,1,21.078918468678424,67.20489786014468,1037.4575197961683,4.7899504012581975,249.34534280141924,8.183153380789408,18.741194409758222,13.654849451321683,951.4298103618323,0.4372458755453356,19.489660330565208,1002.616060586132
2023-01-04 23:00:00,23,1,10.364850518678814,72.18115167384629,1014.2922118197523,3.2227997081546285,301.7215042733197,15.478029140640809,85.8177053157164,11.223275378422981,994.819293965951,0.14591301618925726,333.42369565282905,906.8970481748569
2023-01-05 00:00:00,0,1,27.961202770645762,54.090579857582995,1014.093947946049,5.70301715562482,340.0611190106484,12.033777614017808,81.90635138616561,-0.8343984830063018,711.7228057460487,0.29914968667385017,161.51367287704693,723.3839356061233
2023-01-05 01:00:00,1,1,27.610552721798893,67.06685600630476,1020.2576662389869,6.058861914661589,245.9692901842725,8.536265775562892,54.07937549855444,20.98328204894027,981.1437317918219,1.5800796297502717,448.9595934788329,1051.5314981689412
2023-01-05 02:00:00,2,1,25.051134566424608,63.82357339423252,1017.8100923173671,3.696735962727933,178.98291504303384,16.471924639796512,71.02427986233116,6.418055794081548,569.5397795671037,0.2546095554848561,444.0590944670179,562.4622219010772
2023-01-05 03:00:00,3,1,22.654128666248532,87.58685078682417,1015.2388402427913,5.442260551862797,222.425006472437,8.182855230989984,31.43501131837484,16.913974912889195,259.54178317609035,0.9156711367572209,162.64530918087388,447.15921715022745
2023-01-05 04:00:00,4,1,10.846292579495858,23.40847852560934,1005.0952554455469,3.5867389931159517,312.80579441233857,12.226286116027921,47.116789893281464,31.592661357999788,436.99588566562085,0.10446046558564827,450.4804478452339,447.96471588537236
2023-01-05 05:00:00,5,1,20.79354677234641,41.07223921941727,1017.71468357136,3.4196228751865947,205.4195087899787,10.897877741219476,82.16368977104716,7.644923267308613,593.560935378786,0.5580733072314863,498.0788367493894,550.3212172315365
2023-01-05 06:00:00,6,1,21.572854834732304,91.28086130574191,1031.8202449647504,2.8918092570665648,10.93934149086127,13.905223868196394,45.92651971732139,-5.242300181970638,73.081562027015,1.8862817378428323,412.70783206197405,313.6599256680848
2023-01-05 07:00:00,7,1,16.97722730778381,86.76978379181872,1026.4542004615498,4.191661174878193,335.14153038251203,14.684533590180557,35.77982653254418,12.711966224959113,622.3432646172461,0.05373308821031381,422.4356738776145,701.1648177503222
2023-01-05 08:00:00,8,1,23.38714288333991,54.17425645892847,1028.931866266394,0.518082526383837,248.22963037136202,10.0960124471973,49.421244725029986,23.80767707998857,981.1778367622945,0.004177373062622429,124.50436805454495,1015.4768107614667
2023-01-05 09:00:00,9,1,29.040508568145384,66.50994483511525,1007.8878432356881,6.38263895415646,243.54481887980876,7.73974638896145,82.82492524372184,30.66677963376475,190.10764978372762,0.28421217841253443,288.35119942887815,252.1672059322168
2023-01-05 10:00:00,10,1,43.8618590121053,40.80358872358495,1003.1039517974142,6.163509966428807,77.64305486317818,11.37991642881735,33.520804737087275,5.163603244380665,792.5951162883833,0.048599997869304995,33.62795698368393,937.4402482547335
2023-01-05 11:00:00,11,1,26.74577812831839,34.1090869792821,1011.7421307990035,0.08905053462906605,237.1987692837566,7.966853890743682,17.37615931357438,18.973593785892174,907.8987937796194,0.6899262764478805,47.458968410834856,970.2975438488256
2023-01-05 12:00:00,12,1,27.57550390722764,54.77738037049866,1013.5572491228869,5.242942128825941,141.79118603549705,16.04016174257987,71.20140203307808,11.277516345759572,943.7015928202209,1.229904116448158,499.4463060166453,900.7685484530928
2023-01-05 13:00:00,13,1,24.255540842338327,46.50141710195396,1023.9419151847095,0.4138917222112669,234.44387173493715,10.409605993248212,82.59782127080818,14.152413165566914,960.1356044054472,0.28459912786061886,163.31962471295546,719.2693028515738
2023-01-05 14:00:00,14,1,5.812287847009586,63.7742083888154,996.0753537028518,1.2244409475279259,38.37349091087666,8.904035346063674,10.063747852353334,36.15474677613628,521.459638721472,0.14968279124765962,374.0919560244232,689.2562352060374
2023-01-05 15:00:00,15,1,24.73486124550783,25.83009777237386,1028.2955031946062,4.081976409482225,236.82430965709298,10.554040917594726,23.98741127559447,2.9762373728387743,977.3079079915037,0.2849370162666727,403.33252651340825,977.8301528716785
2023-01-05 16:00:00,16,1,25.602302099410263,93.07961057496249,1011.4199210142101,0.5257753041886896,359.78894127743996,5.9586211314109105,14.19719897609939,17.029917291956586,757.3102071344389,0.6426778759780297,429.01163550361457,974.7608988054144
2023-01-05 17:00:00,17,1,49.63242112485286,93.96580583597022,1008.7311893005258,5.110702266475717,17.35633398980017,7.085157884468045,34.79414115821666,18.741545374123465,161.6714362369619,0.004547699803614305,498.81414870107824,463.0899354028508
2023-01-05 18:00:00,18,1,23.076390352188774,72.36212855148088,1002.8789562473984,5.353770891036671,351.7827063196742,13.601241723833276,45.035097890541266,23.686290599514777,476.90010646797,0.445133636144739,120.74824262843393,615.9011213054338
2023-01-05 19:00:00,19,1,28.015473423336125,60.20722747580903,996.4514332813424,2.1245859159287908,146.48686586023342,8.029317163085812,74.88263369633064,15.783865227767164,718.3311753720039,0.47504228892607286,20.175413429849854,782.0982974132525
2023-01-05 20:00:00,20,1,24.652882302947567,43.214571221474586,1021.2317058396192,0.0192190458522455,313.4712421214133,6.859267051954181,65.11475848816741,17.46440431603282,247.34031581908334,0.5076251206765839,205.595758997293,304.38791575541774
2023-01-05 21:00:00,21,1,13.31321962380468,81.03462647802115,1013.733179671884,1.0149820281355653,281.6587742609784,11.609958257581859,62.092856747843115,11.866811460625671,640.6151835488873,0.1385505115132008,65.04033491447348,740.2081757389678
2023-01-05 22:00:00,22,1,36.42822814515021,71.35483794154095,1000.1003910025895,2.8785884830912156,204.1258539552004,13.557112463988991,35.23749466096544,17.153015529960857,666.6004790466193,0.6259739163161683,11.212944581027562,847.033933757719
2023-01-05 23:00:00,23,1,32.519330326867745,32.19627045086685,1000.0492122793638,11.919490403923223,265.84171533047754,12.1568599319952,84.144755308476,12.254461796020717,162.6997438085659,0.047920477802918,180.21341357074306,230.93642541421295
2023-01-06 00:00:00,0,1,32.910319470430466,88.31953883703818,1009.6421530070987,2.9974972472671904,316.26560206848524,12.98814305741745,47.128716739816454,19.972575118848408,565.0853124527563,0.1111159437946992,391.86912553761823,733.2837460427638
2023-01-06 01:00:00,1,1,15.90612545205261,81.69029321923767,1029.690215252894,0.9025190910303511,145.49051579437187,7.7296147342916175,97.91049380151546,12.043117311650928,771.6269109786077,1.0496998808902605,283.09034561253543,600.0676226618633
2023-01-06 02:00:00,2,1,39.02794310936099,91.2349934968943,1010.404086486364,3.0154125838246513,117.73193816276593,5.734567999774469,63.41421382957368,18.01680315121749,498.89566453594193,0.6710873543226646,156.38899460517703,545.7040682823709
2023-01-06 03:00:00,3,1,10.981489372077192,74.428963129127,997.9685704688189,2.329491020333014,240.3336188028905,14.50400095586646,12.626474156450273,14.765897490520173,12.103116776107425,0.006920449429463241,327.1710027463599,263.33656353370446
2023-01-06 04:00:00,4,1,30.868570938002705,66.00613969518423,1010.5425693591405,4.5402756903883965,290.8245390988531,9.031960483473593,67.6177562075434,24.008402006177345,9.038469079292177,0.1427597132418404,116.00909015440536,139.66576311360822
2023-01-06 05:00:00,5,1,46.90455625809979,51.368227721796416,1010.2727643025233,0.3394410518874872,274.4226485195817,9.247500950634858,32.5104015431699,14.58885021129211,357.0293439700122,0.12065788712923632,7.190723036042512,529.073500924687
2023-01-06 06:00:00,6,1,15.094636748693116,89.954636251551,986.0311335705843,4.294225442209449,287.21291358910844,13.984582425547174,68.63271966860974,0.8157402543449486,926.194068431782,0.1579079571346389,382.1766932182137,926.4005225917488
2023-01-06 07:00:00,7,1,19.33702270397228,84.95479171253062,1012.4570513348219,2.3378580572096683,156.8099933326559,11.66869002820198,6.964114816240574,25.095372005711933,228.67677960360876,0.14221685722856123,311.87154243200456,487.7804046236183
2023-01-06 08:00:00,8,1,25.996513650876413,23.391400257964207,1010.6906546979133,9.889863833302996,294.4203178230078,11.367663316244823,17.48814371759594,7.754141593099049,634.3636888716871,0.03228328516165735,381.15131225048,824.6447956641588
2023-01-06 09:00:00,9,1,19.965243458838007,21.9775230872939,1019.9620636481342,1.2550682699673334,43.275259933419036,16.495007034703253,85.57372589057863,9.769869290809442,222.07587069332058,0.30711302767106774,19.469008343832805,232.35243747991254
2023-01-06 10:00:00,10,1,9.493365689338674,48.23475251585372,1031.4895609494536,3.004091092035069,196.01607526590584,8.06944530885957,22.71795570235149,10.234709647652064,321.6699896595486,0.6597544483496353,418.5598139153261,417.1386909718359
2023-01-06 11:00:00,11,1,25.685629748060272,80.79149980863747,1024.2656502954776,8.065982926705654,2.0731177793237654,12.783520384243712,83.704112524294,25.99550474536654,848.042089601484,0.4666316328474587,309.76310001815165,792.1954615239969
2023-01-06 12:00:00,12,1,14.376962862738951,94.04570969862084,1010.3111130944517,0.3244589929958238,116.85089876409731,10.171039374691254,27.927608845441043,-2.085393711829564,728.8614422699469,0.5587013671515735,281.6976753563201,732.4475042341235
2023-01-06 13:00:00,13,1,29.735924306351816,31.281266832764615,1001.9347409125833,8.304761780516305,131.92615255370325,10.805776836589772,64.28819100587077,40.10198826927995,95.39927731321063,0.04231574841409748,312.3070240572658,239.49499514138637
2023-01-06 14:00:00,14,1,15.80575765766197,64.55980365141014,1038.7335980324985,3.493157650673907,142.62216897933195,14.585405279237595,69.4150573509831,23.448454472528415,428.70202098643364,1.512999978317007,432.21662343418205,397.912208109881
2023-01-06 15:00:00,15,1,40.499344050175395,48.56681424732662,1013.5921843401449,0.2107429508733249,250.36819440835038,11.52350726886887,51.265475314505295,16.785911313033278,29.169763645264467,0.9115997865791446,293.4682532794535,349.90187303458686
2023-01-06 16:00:00,16,1,17.167467076637628,92.74357983609524,1013.1392929191295,1.0741572492847196,139.88091645732447,11.614888237148898,30.531067669673128,14.56084799506971,480.890146603009,0.8176094997440988,290.47518994408966,673.0219845353993
2023-01-06 17:00:00,17,1,21.779384837943244,83.15891923517816,1012.7587491288999,3.6947729853639375,161.52970414411104,13.217522011929407,21.264437637109612,17.284432598861255,662.4340117010681,0.8657570268273654,495.3395785328829,815.0003556889864
2023-01-06 18:00:00,18,1,33.135172173696695,82.87465285333533,1014.9808476076786,0.20917778218428396,85.51588711475789,8.905141811371344,3.318935456242622,19.168979427034706,118.50262359815156,1.349375596598192,378.365083534284,514.3009707399202
2023-01-06 19:00:00,19,1,12.691356835660448,55.15198698462277,1011.5563958807605,2.618045187284891,134.37064498656244,7.482370997982981,30.39464012407238,20.161724687600454,288.88493890916567,0.39290978392501763,221.14690272556763,422.9909455531495
2023-01-06 20:00:00,20,1,27.274599346041295,51.11146267532489,1007.2633799311976,1.2734073945340836,81.81706581473453,6.8655724179368995,65.3162790531283,19.444835728027588,397.83662550215695,0.11174806789967352,353.69850001646387,504.0436308679279
2023-01-06 21:00:00,21,1,38.07142754282428,40.50553039480297,1007.531410587596,2.9099885714245044,26.35053255663971,4.1009302318719945,93.83048184484826,15.716645450041991,919.5310246560498,0.47957772839878915,194.61523584589423,840.2667509618792
2023-01-06 22:00:00,22,1,8.925167654387725,24.228162248819533,1012.6724672978401,0.14046371783386455,217.24149361729604,16.168621389820967,87.1204482263052,13.421292637541391,993.255015422964,0.6791090931174177,114.4377312417495,864.2940070349146
2023-01-06 23:00:00,23,1,26.846338585323043,84.854178219129,1007.5657522886623,6.156338534630738,240.55660747980585,6.69037490283495,76.60647765353026,13.789813730771906,44.91129899561586,0.6695477661867003,298.4259384438797,223.41995841188637
2023-01-07 00:00:00,0,1,27.598827942484235,80.96757568475581,1005.8715421732284,10.890583125433023,223.01652456346122,9.336239129242685,78.84473432532987,13.440733757178553,761.007923495392,0.3684962705983576,464.09104905697575,764.0943968442826
2023-01-07 01:00:00,1,1,32.8182287177731,94.97882549645979,1014.064302276919,10.409506993475253,166.85785576820604,9.169560100333237,66.49849034759953,24.070160774936518,371.7240664023432,0.035457386793518536,464.56976000773136,477.9564226558733
2023-01-07 02:00:00,2,1,12.63049289121918,94.7477627805429,1010.4502278257914,4.15470797088369,136.72288086452272,10.922220093427303,26.0286857566003,19.748453778246894,392.45818622948,0.23190179537814723,170.95263905274516,478.3971056848068
2023-01-07 03:00:00,3,1,11.795433869157236,61.65737792019706,1028.039929885827,0.4180835965014173,310.8001138458571,12.44721163761789,90.71950307058299,-8.523109077314242,754.2649733470226,1.2676787293516332,263.8387331108475,606.8420224402104
2023-01-07 04:00:00,4,1,30.219415656168977,77.67405613853829,986.4903019160699,4.25971719348108,186.8694426490385,12.581420465079237,67.0732311905834,20.247206212238087,918.4264321454086,0.43907485568654087,105.8179492849306,887.8248367771284
2023-01-07 05:00:00,5,1,27.96984673233186,90.8574297411821,1023.9150685192246,0.07468266684753394,172.50547594670314,8.250767684293184,56.04406309804399,16.557889557750197,950.9285945025484,0.38645456901744313,497.81555474944173,953.218998486403
2023-01-07 06:00:00,6,1,27.504928503458764,83.72355430080586,1025.4608519249764,0.0671158432034216,9.231143690316848,9.498634858640765,11.098946921348107,14.85032994843282,577.1225860383208,0.15657072429293192,490.55895393396787,726.9008988398336
2023-01-07 07:00:00,7,1,28.464482094969757,38.55110763073982,992.2660976759186,1.1729573106516906,122.84921794541629,10.8477398514649,44.70555438064254,11.891852375288913,357.1211593005028,0.2297882267765736,324.7544648537237,629.0930622673352
2023-01-07 08:00:00,8,1,18.199752784215093,53.790810148257016,1009.5731240591965,2.01206302476504,136.87042276290853,9.25392662144936,46.03582712019263,23.992901759888106,787.5490858587792,1.1285482300295029,402.2070298387367,904.1509956575544
2023-01-07 09:00:00,9,1,27.322536971610035,29.686956136362124,1009.2855913400421,4.41434676775157,143.57620112288419,14.822036728059977,86.45636095226699,22.580211696982865,251.00138326230027,0.5490008088730326,357.55008064185,326.1830137158835
2023-01-07 10:00:00,10,1,27.93072473298681,91.55382704440417,998.9248830528218,3.4493571806724566,208.86205292183962,11.472924854914755,54.66482201877885,8.816978657411127,564.0740288335178,0.7741408965374802,296.5791095197341,646.7280495406386
2023-01-07 11:00:00,11,1,17.85648581973632,65.463097583816,1005.2218331240913,1.7712449621871256,192.09691682167625,12.204633358149453,38.04005489704097,18.25641829699628,358.57846152487315,0.30288457321064927,26.673998494448846,497.8451276731907
2023-01-07 12:00:00,12,1,43.65774511144757,37.1482104127597,1001.8942415453417,0.959073487675221,218.84583340564006,11.988643806002237,97.68003285106593,7.226746123669712,656.6310737078761,0.4974603286775109,227.38217127633052,571.9843276348864
2023-01-07 13:00:00,13,1,29.738329209117875,70.37755133043925,1030.5227044342362,17.554586284970938,275.3579741551662,13.520421572455975,11.072059332631568,3.963054681688556,240.3989128935069,0.1427646015981691,337.3931510837053,522.4536366610897
2023-01-07 14:00:00,14,1,13.086965027973514,66.35961803434219,1022.3567839314746,1.6663253703301024,292.67486593779364,10.54306467611112,42.25484283119446,9.98626220328028,191.59294573482578,0.6111716403019921,338.76580694184236,365.5713851573619
2023-01-07 15:00:00,15,1,31.565536086338298,46.86220385246304,1025.7155509499416,1.8010861452736286,258.524307441538,6.10950415613246,4.202467517140529,21.89914777906207,918.2390866754371,0.27895978066118116,186.5613092111918,1023.0269101875236
2023-01-07 16:00:00,16,1,15.253183297726785,28.516819414972176,1020.2167206404323,0.5360303773636671,343.9885305437765,11.199063855257926,73.99041207669303,22.625000363008695,101.8036829495369,0.2921872099519876,470.8459933290153,206.68689758724886
2023-01-07 17:00:00,17,1,32.87084603742452,70.36798966945997,1001.7094822878277,4.751450101911924,6.563729763490187,8.045929318624513,91.80765521991506,19.104683360778346,505.95790773493167,0.5239438905266018,83.6785161183905,487.3221001618118
2023-01-07 18:00:00,18,1,36.58595579007404,59.0230775677845,1007.7547973372023,3.5493967141097214,70.48007484607659,8.41414995475073,28.003732955048942,20.800766294783976,220.8527829630089,1.3766332735548692,250.17972310778032,370.45256119153885
2023-01-07 19:00:00,19,1,16.793176816482895,77.92387938017295,1017.8937456122792,0.7483455883595279,2.7226349921311632,11.75909205626528,85.83416767991208,19.129426296919668,38.92996332566745,0.03307329154614954,345.4419882754114,64.20857071478841
2023-01-07 20:00:00,20,1,34.63376129244322,59.012262583399504,1000.7787219110805,0.2579191707071361,233.09089709565708,13.714849214300907,29.221823046189776,9.868147238216382,36.01881829142639,0.8707515826035759,348.5679029459046,289.736831408376
2023-01-07 21:00:00,21,1,29.12780926936498,83.9136125238905,1020.1299843017239,3.4229874622117213,323.2909976219953,10.063814730208184,91.07701616439152,18.455380357391526,175.22177210582734,0.1729262240730678,324.3194783844078,319.58637059722685
2023-01-07 22:00:00,22,1,33.2206015999449,61.39301290808642,1010.5967460184187,3.188385283269429,87.65362676746774,10.92649903779689,75.3961903596784,21.40327620182146,866.7703545060002,0.2934210646139482,137.64410672593007,861.4965719523427
2023-01-07 23:00:00,23,1,43.967929826539475,62.07034786515397,1009.251791924504,0.957557546021219,333.7324361266704,15.106644833905714,80.49067768414386,21.034330638508592,282.4787439770267,0.011078495994734696,78.10328434331099,305.67274332727413
2023-01-08 00:00:00,0,1,22.546118839971296,85.74902019937588,1020.109599682035,9.039463219155328,21.696260504241906,10.722259538465705,1.80065556004545,24.511306971797143,950.4591705752957,0.1790852292848194,317.9701634133554,1124.3594219309248
2023-01-08 01:00:00,1,1,17.462638356425103,50.26121496592978,1017.4426331148604,0.4912928495839526,336.3969696499851,17.805049342541185,96.2810357074026,20.66643077760851,581.6222929891935,0.34921178073381465,299.6510580697189,434.01480453507895
2023-01-08 02:00:00,2,1,16.104855703744768,30.051142133798056,1009.3903383418092,1.698670417510235,126.58416740626839,11.696528936894632,72.66709920703232,17.811585660332664,436.6141897687661,0.028907826423977497,89.67800514462049,517.6343182957592
2023-01-08 03:00:00,3,1,16.841897150345616,22.158700723500424,1024.5932980336424,8.626705298398964,36.511498241717945,4.717711722532547,30.47510953861333,23.56120190653142,580.0888346694546,0.3377476767819873,352.56957278528165,682.773300829521
2023-01-08 04:00:00,4,1,24.22898290585896,76.63529417552142,1002.189366724001,1.6327714280806502,174.91383330707723,12.260024863313598,82.9394664858847,14.78782992600752,516.6983852262678,1.3094062255622891,227.5859958668282,508.3164650981195
2023-01-08 05:00:00,5,1,28.411519748166437,66.52321635150986,1019.1593560694427,3.052695053190308,92.43956437938286,11.143475154648334,28.152119841492997,7.945002790178258,758.7762537573252,0.05568550354541229,333.88029580157644,945.6775153548235
2023-01-08 06:00:00,6,1,27.76690799330019,72.80598260744176,1018.9310125796839,1.520472909027419,102.55424470629222,13.869258262248238,87.2753839566128,13.69546428844989,282.49606597285225,0.7228963558694006,418.68353988507533,255.3463384658313
2023-01-08 07:00:00,7,1,33.27183249036024,35.97231211316831,1009.9045356068601,0.9615051902006437,110.62438737346316,12.019544053809875,11.258039041193701,9.040778841548407,353.05039160030236,0.26353768039866254,84.86421428846158,545.3539518817317
2023-01-08 08:00:00,8,1,25.13001891877907,30.227860669007732,1016.2613302224212,12.401311587395323,289.08932321975885,9.584632048048679,70.36859774607957,9.598573800204948,894.0943025332507,0.5323572545600616,9.57243399841834,825.2497203086198
2023-01-08 09:00:00,9,1,39.53534077157317,21.090849925091145,1000.4888642361469,1.5795137275362696,194.09805960309163,6.327105291131903,54.069847664491036,13.843850634275856,946.4565131504055,0.1507124354572826,389.5512931978934,1025.9452916209634
2023-01-08 10:00:00,10,1,22.35343166762044,46.29406691049478,1022.240270192069,6.7357575205443965,112.07077169616132,9.372930228141925,9.653447019544082,8.660640632000309,892.5582274864745,0.08687456019759164,304.84871257630795,953.8258004919462
2023-01-08 11:00:00,11,1,52.20169166589619,64.24382651409748,1011.1509786355701,0.7839174374516713,219.7201619919306,7.448438637372099,24.189382825883897,12.536307762887677,419.4479939573136,0.08745213506410947,349.81978481106086,525.7858501144632
2023-01-08 12:00:00,12,1,31.25667347765006,49.41830338247992,1007.7727697948096,0.7189802441365738,257.8142427203497,8.258429650585832,1.240403627731479,-0.1489173356302853,780.3655030068817,0.03654990330033584,419.0774874943213,960.5265955571612
2023-01-08 13:00:00,13,1,16.428424435837172,52.81061915177968,1023.4900922583689,0.094887147286665,98.14464026407215,11.765735213261829,46.876796546450585,16.70634965898351,476.3357333010988,0.10268049183884455,401.40546741225023,600.8820858687476
2023-01-08 14:00:00,14,1,14.291075019388877,87.81190208703113,1005.9565630945724,3.1637875766279686,148.87767654912653,15.00971351305422,30.126526076000037,15.009643802897793,497.5398521461022,0.545648631893166,480.46007346441235,696.2475410146009
2023-01-08 15:00:00,15,1,29.824724152431852,46.11916002674752,998.9153870363645,1.379097162516604,43.87899360130112,11.184014589468944,59.83574842977588,8.463290951454475,204.68010905728394,1.0672260761290975,267.9675394260591,320.7282221570933
2023-01-08 16:00:00,16,1,22.76537214674149,58.54921168698581,997.433708264761,5.993214176480381,65.21376583248491,6.412350813894447,29.72378077086172,20.27396534745924,591.1303032585165,0.8413422813307038,244.24781632995268,708.6923142319109
2023-01-08 17:00:00,17,1,32.14000494092092,78.77397595558574,1019.0600995134564,1.9228593441084412,245.20242742739381,11.333808004660423,29.99191115069847,22.500561101012465,186.13589775334793,0.5778045558182285,200.94359994536504,480.9080313452121
2023-01-08 18:00:00,18,1,29.73237624573545,49.74070867409526,1000.1957064750371,10.344247023602403,65.3178051704257,13.589894459936954,74.31931987316034,2.139521085048207,331.56469906719377,0.05850958690531574,76.84552142210227,308.27146714097387
2023-01-08 19:00:00,19,1,24.27171087343127,66.6565025170905,1030.5479418198436,0.6156365347825152,189.05881812014167,8.170651287041853,4.814283597835345,8.898201771470287,855.0302016199352,0.17067326074221484,286.30361644101123,998.6986934901543
2023-01-08 20:00:00,20,1,16.53206281931595,84.67727815600588,992.1807059211628,6.089056514189732,255.25665422007577,9.597948499981246,90.28949951919873,8.846861201701614,207.07580921085523,0.1853919148579818,138.5062621629894,237.3774689459728
2023-01-08 21:00:00,21,1,9.851527753141355,91.21404677432317,1029.9645636829005,4.496331914022893,38.47569231410778,10.044064584187591,85.22638743911814,7.480775191129083,71.15828517343282,0.14381233464810095,460.6537561064877,143.41145739192626
2023-01-08 22:00:00,22,1,20.53485047932979,31.030511069677843,1015.1101746720262,4.421076131670109,204.23239906640526,7.64530506075328,66.78046832264066,21.63579873545399,69.00759261281631,0.3618090288086634,291.59540213854876,170.44403542144656
2023-01-08 23:00:00,23,1,33.56398794323472,89.49407188711209,1012.032868881296,5.588797832443767,92.36260213249095,11.944841301531577,59.32215701073843,13.449390889817572,940.784520503108,0.383454791469922,296.4200902540551,943.5111718420327
2023-01-09 00:00:00,0,1,27.14093744130204,56.90872198096537,1007.5508091319105,4.294176337811181,346.65367508552873,9.637155554176655,89.23024981396523,12.883881269515115,506.92043796183464,0.22071661895862887,177.462330438505,367.7111081395267
2023-01-09 01:00:00,1,1,12.542612212880119,39.368329122421876,1016.9913611435207,2.952266251270691,174.0764328191729,11.258597331721083,18.533017952871443,-1.0308989152540278,409.41207181701833,0.21831472439241606,25.994675988853743,564.1034074040682
2023-01-09 02:00:00,2,1,26.73180925851182,54.4351817178696,1012.6236529757515,0.42208195778274743,290.15731791905694,7.3375234665937,7.896916219082861,20.08334424167381,810.8785810079185,0.8817481254885438,15.87188268649431,1001.1511702938332
2023-01-09 03:00:00,3,1,28.853173797288367,93.50244314641078,1024.0330188201651,0.09920074004995713,198.08155517625423,8.687625099029768,23.95101699095381,5.0859328411722196,835.825927910516,0.7786430081345391,211.66757207659876,905.3993372373942
2023-01-09 04:00:00,4,1,16.16142563798867,56.94635704946522,1014.1422764866204,7.609149905442792,15.628511827734899,12.167144073483314,79.45782787001903,15.479461042130627,332.1910331156046,0.18393716297835186,42.28268904861893,362.6514052378839
2023-01-09 05:00:00,5,1,26.53725105945528,44.65637077156312,1014.5030176146188,2.8764230682923406,227.93449521384804,8.881500543724698,3.4670266726483323,17.219015503665535,693.6180574737953,1.2254755242514166,303.42347777006955,919.9114931201368
2023-01-09 06:00:00,6,1,25.58208718446,67.50506407375443,1009.3638778778615,4.776817616794919,342.50520319439653,15.180891553700215,58.280683508348964,25.88526876670921,771.1228158518866,1.5268397969230025,440.48650281982873,776.0929164824943
2023-01-09 07:00:00,7,1,13.570297021693769,38.01092140836448,1012.4305437627893,1.9705750808093838,216.58025525267922,8.801091443156192,99.54375161913099,4.529436807047103,654.6506868659545,0.19781373489389512,441.4574082593611,560.7530772285868
2023-01-09 08:00:00,8,1,28.577873603482832,25.689749608149793,1016.0780176889206,0.3743374925220241,294.90798939364447,10.674054177255657,85.56960938375394,-9.156097246566603,151.59507480009938,0.21880690356209323,329.5227050661162,173.58635063155273
2023-01-09 09:00:00,9,1,30.607845263682343,29.665979143298692,995.8983160734338,0.4012312473490152,318.3143268054268,12.79777249561927,52.14456890435895,16.47079635802956,875.883083517057,0.35223972788543007,105.61591573646551,895.1578866431312
2023-01-09 10:00:00,10,1,35.830512431752766,29.603437921832935,999.5181457789429,3.470936444834134,82.10871790161569,5.7449028012009045,6.364090928664234,29.40408945208683,539.0945527360087,1.4161338022406764,431.49841567943605,814.355202745781
2023-01-09 11:00:00,11,1,35.53802052034903,31.392702013422074,1020.4326409402272,1.6879671597725707,76.3361423669616,4.717573564057672,83.13735143857099,24.911570823515497,282.4724263700037,1.0450265554463936,443.0467176566041,355.4905758694097
2023-01-09 12:00:00,12,1,11.223306320429089,30.41203794870576,1014.7086543812794,0.6713990246749084,219.95315598635702,5.423031056289716,59.89785081772106,16.677275322197005,425.2281854376939,0.054108942907027134,98.32679247647935,453.6090450596534
2023-01-09 13:00:00,13,1,15.621749600848773,68.06560586024109,1011.1601666364733,2.0294280402279927,147.9702491304137,13.787752310281547,11.493299705956684,11.066910514943622,37.57109039890738,0.24939150011702382,368.7130428853386,338.031292617493
2023-01-09 14:00:00,14,1,30.150352672086598,33.64100632993586,1013.184339330654,0.199089152380379,302.35006903201935,8.344425562322659,9.38572848233562,21.456980773098483,127.86680122241756,0.40301371573408684,143.25977446356148,470.16745040693127
2023-01-09 15:00:00,15,1,30.137859509122087,45.925046249289736,1016.4758170536168,2.616616296974852,324.008324423284,17.674597857004755,90.96268194365923,7.211630402364251,765.5467505158608,0.3497159163920341,401.3201561764648,597.3280096710813
2023-01-09 16:00:00,16,1,30.15047686306048,87.25913074295089,1007.6024031969064,0.9399983898373722,127.23169654897852,8.307257204027835,66.92002629380784,18.810862154849755,0.011634755366141114,0.10775083000408872,498.6189499518013,217.50388589678525
2023-01-09 17:00:00,17,1,63.52731490654721,55.54712301971543,1005.2169527459769,4.791921870095885,85.27340123081355,10.55365390959111,82.92867993167555,19.043761273333015,416.5658284822922,0.9788483684779266,15.013002664696407,494.708515869848
2023-01-09 18:00:00,18,1,30.70890510693167,70.06683038907704,1014.9584525509769,1.1147651915405814,280.9891854877903,14.626329857703627,87.89789002822673,23.48167925999104,522.5101810855884,0.5649598190940284,448.68293289546597,537.0067816596654
2023-01-09 19:00:00,19,1,36.35565640180599,32.92399034012224,1003.2162722238497,1.8221205275859376,98.93017279732899,16.018278664477368,57.17723520483222,37.07728031128862,54.6344200009723,0.9097967581497204,311.31526679932904,304.7494893721545
2023-01-09 20:00:00,20,1,34.54001763493203,34.421676410650306,1017.0825275571448,0.03506575815279271,296.1411546649242,16.184510729909192,51.74463517550413,18.139327737430136,973.0781629723328,0.9786625034027141,486.69130958241055,923.7249752596947
2023-01-09 21:00:00,21,1,31.51391251305798,23.065146219985916,995.9741639576216,0.2256156669200936,152.5457713135546,13.625098691779428,43.042741032099016,10.92829099434001,226.12533124967194,0.6898696535848756,232.5047587632138,379.32781680817914
2023-01-09 22:00:00,22,1,21.847307553596544,32.67012973041234,1023.2915563732564,1.4951774912571516,240.31796374492936,13.072187577434388,31.69465877911193,14.795405502464044,304.1987196362809,0.2892049236190386,423.6939652856869,477.54217968509676
2023-01-09 23:00:00,23,1,32.589692204932675,40.89427542739689,1017.7259748241304,1.961426546340038,34.392712980480546,11.777580847603549,43.459596085871176,0.847392760887054,303.94251225502734,0.4715057297135249,31.197034299138615,438.7669299000523
2023-01-10 00:00:00,0,1,17.27174785462428,33.27578632075601,1015.5602973431387,2.74902631047574,224.5893568835663,12.335083228499913,77.38796557301563,9.442294951287534,230.41666211734992,0.0873942445366517,167.63952503914786,373.459757475922
2023-01-10 01:00:00,1,1,22.63181393259991,26.652690031779173,1022.8269098394551,1.0345041452233745,162.63636434540248,8.3464428510144,60.19234310151316,11.725740495095168,1.473822086311416,0.5598854061247784,33.50826887560498,123.02705153836985
2023-01-10 02:00:00,2,1,20.146364521708964,29.04769033254506,1029.6547444446257,3.5621523431675577,211.1790467431707,7.545403349733078,89.2523289954846,10.80729281652326,729.3447940879963,0.09877034469695108,487.67156673953525,628.2342383530178
2023-01-10 03:00:00,3,1,25.818741393863224,54.55840760245443,1023.1437006501814,5.900962513209307,60.48511478815083,9.989876627767144,44.33800143791877,16.218838976269776,966.8454997992853,0.5920027268512381,408.4869536359184,1002.3193298935472
2023-01-10 04:00:00,4,1,48.146585666735085,35.47502888043444,994.5912576866835,4.540351916092712,265.27454817990554,9.489446132425215,60.7089578718754,8.420640540942395,224.29348328504506,0.1304215155550323,426.2737106229852,333.49360804207555
2023-01-10 05:00:00,5,1,6.3273480740825185,47.32023957860566,1000.204230332643,0.12127504919310947,310.6069479155623,8.640315852018174,63.130755309198875,23.96824533859577,663.0471918034224,0.06252731117308141,468.9826157169471,633.9161480754932
2023-01-10 06:00:00,6,1,31.862601903745134,57.75629531411427,1006.7518142230432,1.964705524506325,78.02632803267923,12.089162342370146,59.16971623063255,15.001656519345577,741.8963269587151,0.09033215947152425,42.55174305989268,795.6057797450735
2023-01-10 07:00:00,7,1,8.872841288103483,71.7796121472024,1013.2609105021083,0.3325606524286384,34.45723998725822,12.865915625711532,70.26337730855164,14.925597430891084,848.4253790905248,0.000997061079855313,192.7987962566667,769.0528337038463
2023-01-10 08:00:00,8,1,20.280681342105666,22.94841048808242,1018.1765902046913,0.8313938483541546,8.509890976681103,10.265220658875542,23.74334683748063,12.376842267896658,422.62919701360914,0.634237205923132,35.517444522001064,602.7653368376593
2023-01-10 09:00:00,9,1,35.889505969673664,79.9557799181782,1005.7425618684654,12.951547965688299,231.10974015957575,14.432590243165786,51.23637775457907,16.24152547087183,302.9309056404292,0.6591329354919007,105.3965507750143,433.94799756553493
2023-01-10 10:00:00,10,1,25.642800190954627,67.09252921181809,1014.8676676447708,0.46118670651917587,218.55385299196107,6.574932657599485,10.422480280834767,21.600786117341077,325.2951340230311,0.3617344873135256,114.68288851883618,504.5307512987914
2023-01-10 11:00:00,11,1,14.22255222070694,26.131927396165395,1005.4461706764667,2.072777868627022,196.8110685770652,9.419021622160846,38.45113276448126,8.062958274312798,712.6213330985129,0.08798854342037746,234.55360552378934,799.2684331937423
2023-01-10 12:00:00,12,1,17.846962907400318,85.51839680800829,1006.8848219700806,2.8882273048838596,83.50095460175115,7.849533038191585,48.76670686212644,9.735068087397947,816.779466505636,0.04362625076201045,134.2810837268213,930.5640320152924
2023-01-10 13:00:00,13,1,31.795977489346757,89.065430039886,998.9333890315178,3.6366699445732147,140.72615852598528,4.40039014878082,65.22242595454725,12.570191769786682,181.61396775660265,0.009657146158574832,50.489053408880544,314.1359328595058
2023-01-10 14:00:00,14,1,17.696333682828634,24.580846989114782,1003.7676675388909,2.460547272114332,214.01148066702228,9.751957942471902,95.05310525862035,4.233032612214281,370.9410081577652,0.09060998805753395,83.74554454705385,358.2493639783859
2023-01-10 15:00:00,15,1,27.164585895819748,40.765823611040275,999.4831539438367,0.02945668615368968,178.83606918930099,9.634757474850149,60.06510665483559,8.445937122228017,901.94019674915,1.1075414535748174,73.63778177604546,930.3221469822957
2023-01-10 16:00:00,16,1,25.455718399038137,80.4650959844796,1003.2412674702267,1.1856295079935804,355.6027872773594,14.540349229726393,74.35939161765597,11.190233011642729,806.6935196947393,0.13823052658091772,486.53839895614914,709.7215528735649
2023-01-10 17:00:00,17,1,18.48399652394183,76.11947677877438,1023.5364179660784,2.1876392807180496,49.11831092042392,11.892435053664332,50.626605949520275,21.99511344570182,984.8584027624759,0.2186879373005469,379.6462534592368,1058.1006303157837
2023-01-10 18:00:00,18,1,46.439440893253256,33.8390764517283,1003.5060111116806,0.27590675131215214,250.25203945713378,6.927439527012385,63.41040313763313,17.1004906320154,754.2482596820807,0.05565882570548336,483.880732634781,816.162719940412
2023-01-10 19:00:00,19,1,31.33919022318011,35.701199250253275,1039.3238206483738,1.295243673251048,145.55475651754517,15.562277699002564,7.093221613377343,16.548719290940355,393.1952010279223,0.12574663233084152,219.87024325395427,737.5477213830216
2023-01-10 20:00:00,20,1,4.748574133423929,47.78540770935365,1017.9331790088089,0.10130053711657216,154.15186137322132,13.66310108657606,25.439158084184697,21.807183697343778,590.6378339946377,0.3661775005095822,139.1842408313283,669.0382914338044
2023-01-10 21:00:00,21,1,26.864543147694278,56.3392238893266,1014.8483612369488,0.24551306882426177,258.33519563694347,11.746293110405848,36.185309320513866,13.901025692804827,661.0142542473203,0.4679313638308699,399.14659860459335,864.8876578595945
2023-01-10 22:00:00,22,1,18.38213535231612,66.36910786477219,1004.4164221981879,1.5171325606067847,249.27701447677308,9.320547703450504,47.249335500651355,18.123718799431117,78.45581631712395,0.14075213996189348,163.1269590205734,296.5386919581165
2023-01-10 23:00:00,23,1,33.52433334796224,47.668522967732926,1020.00309879409,0.42716551777398415,356.8521577327878,7.121682289829561,4.564874550238374,14.174225976540031,544.496959103865,0.029732856393840768,149.69168685267414,816.6036146209193
2023-01-11 00:00:00,0,1,17.074792615672994,54.69010370998609,1007.2436217376222,2.514802211754362,46.22194420348508,8.883379671786841,14.002409755331769,17.122898795197028,709.3208284726096,0.2479954925116879,116.25299610391559,871.3002414610958
2023-01-11 01:00:00,1,1,23.85263558533101,76.06032036003174,1014.2200981464537,3.5083756894753018,37.479473778299884,13.266245859112558,27.68143077913058,10.337930739107343,167.32130400106038,0.13341932089252792,64.83948911211768,386.0915911303962
2023-01-11 02:00:00,2,1,30.04987278980457,22.75124021679484,1038.600845382688,4.837127157332278,260.7619741663468,15.653758917803827,97.15326909010507,-4.510537266211433,780.6317174255571,0.12394481473601149,128.23153050838297,753.1718951734332
2023-01-11 03:00:00,3,1,33.657551941701215,38.932770825801555,1012.0394010027535,0.6699941227735415,208.21929012230729,14.629730584816567,33.134700710305076,13.925766702509566,583.7727805141117,1.6077258807530035,177.65987423694384,741.9472196561788
2023-01-11 04:00:00,4,1,12.997035929442237,73.50121894134143,1024.4927332628567,0.5499034054052309,98.69783996153011,8.533451734641178,48.20410581120825,26.38198508879952,952.2217856975947,0.4789477740754984,336.9971040728652,844.8056978039779
2023-01-11 05:00:00,5,1,21.654987641590516,87.14051282653995,1005.9682357487411,0.33134645185522704,28.590972836035178,6.641147700132967,19.609771273839293,22.40972321793274,42.422298206891696,0.4069555759654726,31.28242110972579,262.55917694182637
2023-01-11 06:00:00,6,1,20.25054688839044,58.37580815867496,1012.6501150950304,3.0353523441123915,30.836969854714994,10.422658740733612,61.07800710757682,22.723179876729365,265.32613755546697,0.26873463678898757,105.25346983267147,360.2356948887866
2023-01-11 07:00:00,7,1,18.46670767426288,59.908511394898674,1030.708006356355,3.677384818534798,321.9087148790826,4.694681903311445,28.068321551597432,24.88904577444974,601.5538792998241,0.280134292231736,404.5118201458382,749.4715032918705
2023-01-11 08:00:00,8,1,42.65454240281097,28.037900850483204,1006.7303294221223,0.09628724020809634,69.07223689874745,10.969503142554345,20.699257843842677,15.7092607276915,296.5599122059307,0.3892490635099082,73.46096179188538,557.6298165938438
2023-01-11 09:00:00,9,1,29.049817109609556,53.5559275117591,1031.1244855799694,8.256582163346726,116.41376236158747,9.557192241103994,51.65726284459791,16.578525659244765,714.4241640712422,0.5960712084619025,171.32257326126077,835.6157164321023
2023-01-11 10:00:00,10,1,12.391160456649548,59.94629498412674,1020.0775193545547,0.1601114570370241,81.59630480171569,8.601890494395274,0.5505799160420821,10.058784836525199,759.005282521931,0.605576084167523,432.32946092907,832.7797139807865
2023-01-11 11:00:00,11,1,34.17861947054776,38.185287772604724,1007.3753322410573,2.338052664286866,127.79867009949743,5.215890798199614,0.7664032649225327,12.471417151783601,102.51596406647445,0.09418625811311385,77.46265557172133,455.2501972247655
2023-01-11 12:00:00,12,1,46.22156197012633,40.19324232120357,1019.3240773905552,3.7039200121837172,24.992583388593612,11.540800319709149,21.906880910185777,19.926169198169134,513.8544642067677,0.34668635507154194,41.36841780909495,646.9070913057518
2023-01-11 13:00:00,13,1,35.32465260551147,48.2963122328467,1022.7255444962673,6.143110657364282,186.86152472697734,8.401897481014267,3.672136250082114,24.63107549735053,508.8905555910559,0.26547853333703614,242.26899754000542,804.7309557078297
2023-01-11 14:00:00,14,1,9.806300340459867,21.50533983332948,1019.218099622172,3.7562024186160787,24.340522893197367,6.490249492869136,10.802575413069137,13.884429794552004,369.28077021554105,1.0221413266333093,151.2097556392682,577.906554892045
2023-01-11 15:00:00,15,1,20.157659271337486,44.155937418738375,997.2977528010954,4.854347617790178,288.1283428160502,1.383213360155052,33.88606493387516,11.398485881188707,932.9248625696721,0.499047283861855,281.70418224192707,1005.977512397993
2023-01-11 16:00:00,16,1,37.669111491866225,35.85860052474085,1005.7286282417513,1.2440482474393009,84.1363494877559,9.91745528484809,80.25856795798128,15.00422367085278,827.5063198732212,0.3801823142536145,401.90244524173755,753.3734269788772
2023-01-11 17:00:00,17,1,17.923305343812192,44.5623014133436,1010.524813644485,5.059363708043771,194.40428925762382,15.316754790009233,57.204864336930086,19.809653991432917,697.2093819096368,0.06130682839680343,68.57424407637158,785.9727697874312
2023-01-11 18:00:00,18,1,29.438194281462284,28.982159886443842,1012.2556657089996,0.25051934927448793,316.82847152212497,14.98377764364361,51.26677259564164,3.4491614709316654,714.3266357349976,0.4652428645663679,290.3495422771425,828.6236125669404
2023-01-11 19:00:00,19,1,32.74634053429337,86.78954605549212,1019.2067209755068,6.756150956355649,234.3158528569899,8.628711230241183,29.348882320812166,-3.369447625097905,461.7161438131191,0.06233051440267387,252.75438019493197,675.99616430724
2023-01-11 20:00:00,20,1,15.73069528421917,64.51943401655365,1014.7770100093326,2.3795150486367884,191.8648031584807,8.193363818914658,93.17537194328163,10.595705204067333,920.9945210965759,0.2056459571843652,72.03939300659978,782.2550292726821
2023-01-11 21:00:00,21,1,24.404746439382,70.93267393583672,999.646556412899,5.099692828996556,116.76015112153522,11.40632276822507,39.70150412371917,5.234300592686731,694.5954272532854,0.07706648613371263,311.9992427644912,814.3741865749914
2023-01-11 22:00:00,22,1,-7.412673400690728,79.18784289555038,1016.8019785100596,1.806182915805139,119.88068870095125,7.0048436824351255,8.70927667957715,10.934878418821512,728.9810616558165,0.5889473191581442,136.82020893038583,806.8870440851729
2023-01-11 23:00:00,23,1,14.756123586657102,57.383164919679295,1019.1058574528382,3.094917005160266,241.01530387134844,10.905375699458398,61.70665161178013,13.817757449460228,861.6909037873453,0.11549469593972321,243.91715927200624,876.5227983188857
2023-01-12 00:00:00,0,1,22.474318486068398,26.519021606556777,1018.5979044793104,2.2421934418763088,357.89017003962033,12.298240835154072,11.38383934766014,11.374012727815893,274.071589342191,0.2486745648308424,41.13616213853094,612.5284351191052
2023-01-12 01:00:00,1,1,12.522168180351505,60.282990636391084,1023.8078072555462,3.945713504960762,238.2621083457763,13.680799671652924,34.52231428016921,26.619740275765963,807.070903866703,1.130121060443565,229.79202860681153,920.6646446125171
2023-01-12 02:00:00,2,1,41.32411303931635,64.01308385156594,1021.3392215454891,0.25546469966686847,200.80203025320895,9.699537770560141,50.74119387178089,17.61395811681856,195.24060295649204,0.11427681936507678,153.23173402141015,350.13700333811323
2023-01-12 03:00:00,3,1,10.698586220393674,75.90796056382476,1017.5918007922844,0.18675009395704523,263.0341836861286,9.388978749469102,87.42225246851758,17.40379487688663,345.34195224488786,0.3544402147474845,411.1906055926772,353.47484269480003
2023-01-12 04:00:00,4,1,20.59955513303016,52.37446596722595,1012.2983428854135,0.8514814726197492,167.47402042213852,7.366052239730317,49.35465803401187,19.977657152347216,335.6104542698427,0.2717361033171202,28.48936349868414,396.9664223919665
2023-01-12 05:00:00,5,1,26.307405772860914,29.56852270966728,996.3903906648401,0.5214344595454501,21.651243336282676,7.51935893788042,70.22587660316643,5.889335057753847,978.5254683891405,0.009145146658282576,209.30363745916497,953.3770720063188
2023-01-12 06:00:00,6,1,39.412732890661154,41.283192934904335,1017.2961821913259,6.162106671007194,202.42685371604753,9.32056332429542,99.28168389990704,23.31289429936215,856.5372237479269,0.7869343172279621,229.215712065719,788.7403637230697
2023-01-12 07:00:00,7,1,10.641378488205607,47.23117222989763,1015.0768768716312,0.7423624745416618,344.74510242193685,11.102096520448534,13.148911989798162,14.39388570771632,701.1698615902598,0.035772655764686,362.50303814955936,749.2810933026163
2023-01-12 08:00:00,8,1,36.63163752154959,68.44379309987009,1015.7157883719537,11.17230842830228,63.10905924875747,12.74075387869975,27.47315255195195,20.3638449379297,727.0567616153901,0.3214695072837621,287.1437875451055,814.4000344839372
2023-01-12 09:00:00,9,1,25.10233061019587,62.80837285016839,1000.2325142417969,1.232469372994288,248.40176069543966,7.590463147958966,39.45760755976464,6.425142135678756,562.072794402571,0.4112616604663264,333.6061685970905,667.3331292259663
2023-01-12 10:00:00,10,1,15.18491348952049,46.70725444233847,1002.1894345959174,0.6031113119365586,72.33612791726033,14.478065706878565,42.18281785388314,2.5699298718714854,947.090667108519,0.4950042355320459,388.52464282587806,946.4509197471657
2023-01-12 11:00:00,11,1,29.62103474263271,93.98864365947348,1023.531528533329,4.677639292783042,192.89796641030927,9.186629196872294,41.102107526554576,21.54311726420023,496.25875288236153,0.5833892980285947,431.10148682909437,572.4689024405508
2023-01-12 12:00:00,12,1,26.990596955734702,65.43311145176654,1012.6044484614334,3.225048616024556,34.80352187281906,9.935898116954691,90.76110025565549,18.01127620878013,380.51770986989453,0.14602739846099724,156.93774836123526,405.56099750802775
2023-01-12 13:00:00,13,1,18.997831228412053,37.79200938019959,1019.8150069737262,2.0686353261703014,162.13353705294665,7.75836496255653,71.40326444668564,7.783587565139917,163.035336931591,0.005014449182274021,269.01135268195145,266.7878191090656
2023-01-12 14:00:00,14,1,25.69802084990019,27.63368544653028,1013.2831837613046,2.431494897346862,272.2187984022886,2.7272792191811757,60.79052140907037,8.042695349802445,786.2056522610579,0.6426703629946993,420.05403921959993,788.2755426825096
2023-01-12 15:00:00,15,1,21.1468640313824,31.4644354388249,1013.2975613949575,3.810356819186899,125.12574872603355,12.65213618908315,30.93727178627821,24.003478275318155,734.4439320755914,0.38356545643634715,494.7255654825282,799.2474833564851
2023-01-12 16:00:00,16,1,26.13517345251248,38.44682962883811,1022.3828380597599,0.7780798370601202,239.3682208153985,12.2105316912773,82.37903842212947,5.484704857061377,384.3550385241349,0.9043034056564426,444.75965552188154,465.0526187787726
2023-01-12 17:00:00,17,1,31.621306745210468,32.051102994466675,1007.8395527178262,16.825893696143112,286.3619858843025,9.15601732864536,95.5060511484989,28.141383626047705,25.19341395922936,0.861270727665723,185.7336313121884,179.6495468667225
2023-01-12 18:00:00,18,1,40.86016816145352,33.99252680384793,1013.9612077694098,11.041919933670284,333.78401501260294,10.200972151674616,82.11982825502265,7.79503412281705,838.9973277180108,0.9267945682339606,97.58325860932521,782.3806395399209
2023-01-12 19:00:00,19,1,12.621845011731509,41.38213765203854,1008.3772471129496,3.1522592703976704,84.47114946796327,11.547817653112299,0.15651051914729042,20.107135404867066,11.417983454073632,0.3318861004991347,244.69626870329435,303.300199371539
2023-01-12 20:00:00,20,1,46.330333746562665,33.00301964710661,1008.6550377256768,0.66771533540668,143.75372969135094,5.3123624293403715,63.6401370183407,12.371052194008122,703.6997796290509,0.2029538999184942,370.82072591802114,789.2604634119438
2023-01-12 21:00:00,21,1,5.4791220047749825,87.2574068469819,1009.9082787653136,3.420443385826106,54.86976479895028,8.412841967961116,5.1135381442100725,19.825499448658746,970.257109726057,0.7840477129159646,246.2845353766488,1053.9218483704162
2023-01-12 22:00:00,22,1,23.482149049644168,26.017530924623166,1015.2213377163371,0.22481211550287988,357.2940607770151,12.38279403886548,25.760722033372186,10.64708798308646,437.66132814820344,0.3000963530161353,241.59043165683426,612.8413344845728
2023-01-12 23:00:00,23,1,30.883172064845766,59.3383542177691,1008.2125137833652,0.09339634957085843,333.7203484527463,6.237131730492251,5.952470034777169,13.697656751421647,234.97340499595276,0.10132878735771451,419.1152105409003,568.8703156083558
2023-01-13 00:00:00,0,1,27.809918677350325,50.77976202422461,1025.5575612557352,0.8939362594166896,194.38456690100145,10.880673796499888,60.37954529493877,15.32735340316577,704.8710100433817,0.9654211885867282,180.70188953359317,642.9102051292251
2023-01-13 01:00:00,1,1,18.773004801794063,93.67839626814548,1004.053926977805,1.863165905620317,303.13198597551167,5.930254586129784,68.65899134926067,6.982500353748218,817.1281420155851,1.070913332417349,429.8973374058228,851.1866654109076
2023-01-13 02:00:00,2,1,22.918777496427246,28.402917662603926,1011.1312835583864,6.0810597755725215,187.5448718179352,11.399289947300579,11.448763806590511,20.926594763361006,546.4303160778474,0.31396983800225375,203.40240047586178,752.2695426518279
2023-01-13 03:00:00,3,1,20.069990653411672,49.83916992843062,1008.6026894172583,3.896708936453667,224.49084768099348,9.893075553107549,38.38388830449795,10.894291468227319,967.0352752561462,0.03935914484397893,164.1165528391697,978.0418793701374
2023-01-13 04:00:00,4,1,19.106352430557884,92.71028249565266,1027.4697788435374,4.072613714247966,32.08479556176598,5.154604552283471,45.6236508955542,13.17120067727985,51.6687216579611,0.24536943501757477,226.9949555998495,238.21502178974958
2023-01-13 05:00:00,5,1,33.496020970210246,84.91303444204851,1014.9655477651157,1.6627307382222416,271.89735137885083,13.494218063371514,36.90530217609166,7.045205003131902,504.79559830452814,0.8136422586247192,381.22347933743424,658.234081806794
2023-01-13 06:00:00,6,1,28.570154859650472,81.28040532119599,1023.3184453946864,1.2736455980684478,45.976854108684535,7.796225269605852,12.102500048519305,-5.498669270362484,718.4539473225501,1.1602423117498835,63.00101393199714,809.0359022595369
2023-01-13 07:00:00,7,1,18.07090404739346,39.342712028370485,998.1443962696303,1.3910569516418911,297.3843468909102,7.569242688956857,41.89477901874754,13.471777899198647,862.640471149179,0.11374696431004255,98.2096079360087,975.3167593305493
2023-01-13 08:00:00,8,1,33.995998754332504,32.816569054254934,1015.6705026586926,13.182191674549513,281.5301115613389,10.60170759169283,75.11780478084181,34.30092337290333,179.25561190779004,0.034660897801817366,475.72241283154597,288.1093543059025
2023-01-13 09:00:00,9,1,28.072995208766095,70.14824149433232,1021.8963079562344,0.12280722613178602,255.14809118747152,13.445912048286147,7.100766453325546,21.27683430318419,800.0034817636814,1.0492121014020714,87.74581369067869,996.9965829908695
2023-01-13 10:00:00,10,1,33.1286211883896,89.70319918456893,1013.8228398927542,6.052928975267216,13.017736988914361,6.952534543064809,8.018001408190345,14.845916962124843,552.7070757185453,0.24666064372231297,283.8636589655273,831.9463872557466
2023-01-13 11:00:00,11,1,31.29628841923612,61.75721697604473,1023.6548037506535,2.5930552240579874,109.1262081403183,10.185039549543914,35.47712918359842,12.896873366333859,396.5536819899632,0.39018215946856777,289.65723333096895,522.3460120016325
